{"IcoMoonType":"selection","icons":[{"icon":{"paths":["M512 64c282.77 0 512 186.25 512 416 0 229.752-229.23 416-512 416-27.156 0-53.81-1.734-79.824-5.044-109.978 109.978-241.25 129.7-368.176 132.596v-26.916c68.536-33.578 128-94.74 128-164.636 0-9.754-0.758-19.33-2.164-28.696-115.796-76.264-189.836-192.754-189.836-323.304 0-229.75 229.23-416 512-416z"],"attrs":[{}],"isMulticolor":false,"isMulticolor2":false,"tags":["bubble","comment","chat","talk"],"grid":16},"attrs":[{}],"properties":{"order":3,"id":1,"prevSize":32,"code":59648,"name":"comments"},"setIdx":0,"setId":0,"iconIdx":0},{"icon":{"paths":["M755.188 64c-107.63 0-200.258 87.554-243.164 179-42.938-91.444-135.578-179-243.216-179-148.382 0-268.808 120.44-268.808 268.832 0 301.846 304.5 380.994 512.022 679.418 196.154-296.576 511.978-387.206 511.978-679.418 0-148.392-120.43-268.832-268.812-268.832z"],"attrs":[{}],"isMulticolor":false,"isMulticolor2":false,"tags":["heart","like","love","favorite"],"grid":16},"attrs":[{}],"properties":{"order":2,"id":0,"name":"likes","prevSize":32,"code":59649},"setIdx":0,"setId":0,"iconIdx":1}],"height":1024,"metadata":{"name":"icomoon"},"preferences":{"showGlyphs":true,"showCodes":true,"showQuickUse":true,"showQuickUse2":true,"showSVGs":true,"fontPref":{"prefix":"icon-","metadata":{"fontFamily":"icomoon"},"metrics":{"emSize":1024,"baseline":6.25,"whitespace":50},"embed":false},"imagePref":{"prefix":"icon-","png":true,"useClassSelector":true,"color":0,"bgColor":16777215},"historySize":50}}